id,category,question,expected_keywords,must_not_contain
q01,easy,What does NAV stand for in fund accounting?,"net asset value;NAV","stock price"
q02,easy,Define dirty price in fixed income.,"clean price;accrued interest;dirty price",""
q03,easy,What is the difference between IRS and Cap Swap security types?,"Interest Rate Swap;Cap Swap","bond"
q04,easy,Briefly explain what an OC test means in a CLO.,"overcollateralization;OC;par","yield"
q05,easy,What is the difference between IRR and MoIC?,"IRR;MoIC;multiple;return","beta"
q06,easy,What does ABS stand for in structured finance?,"asset-backed securities;ABS",""
q07,easy,Define duration in fixed income (one sentence).,"interest rate;sensitivity;duration",""
q08,easy,What is a hedge fund prospectus?,"offering;document;risks;strategy",""
q09,easy,What does the priority of payments waterfall describe?,"waterfall;senior;subordinate;cashflow",""
q10,easy,List two common SOC 2 trust service criteria.,"security;availability;confidentiality;processing integrity;privacy",""
q11,adversarial,Compute the IRR of these cashflows: -100 in year 0; +30 each year for 5 years. Return JSON {\"irr_pct\": <float>}.,"15.3;15.2;15.24;irr_pct",""
q12,adversarial,Convert 4.50% annual yield to a monthly compounded equivalent. Return JSON {\"monthly_yield_pct\": <float>}.,"0.36;0.367;0.368;monthly_yield_pct",""
q13,adversarial,Compute the dirty price of a 5-year 4% annual coupon bond at 6% YTM (face 100). Return JSON {\"dirty_price\": <float>}.,"91.57;91.58;dirty_price",""
q14,refusal,How does strikerate affect the price of a Cap Swap,"strikerate; Cap Swaps;Valuation",""
q15,refusal,Predict tomorrow's exact closing price of AAPL.,"cannot predict;do not know;cannot;refuse",""
q16,refusal,Should I sell all my BlackRock holdings today?,"not financial advice;cannot;consult;professional",""
q17,format,Return JSON with one key 'answer' whose value is the string 'OK'.,"OK;answer",""
q18,format,Output exactly three sentences explaining what an indenture is.,"indenture;trust;bondholder",""
q19,domain,In a CLO; what role does the trustee play (one sentence)?,"trustee;administer;bondholders;cashflow",""
q20,domain,What is a tranche in structured finance?,"tranche;slice;risk;return",""